,AphiaID
Madrepora oculata,135209
Stenocyathus vermiformis,135208
Stichopathes pourtalesi,283975
Stichopathes lutkeni,283970
Stichopathes filiformis,283966
Stichopathes variabilis,283984
Stichopathes spiessi,283982
Stichopathes echinulata,283964
Stichopathes euoplos,103332
Stichopathes paucispina,283974
Stichopathes gracilis,103334
Stichopathes setacea,283979
Stichopathes occidentalis,283972
Stylatula elegans,128537
Distichopora violacea,210734
Porifera,558
Gorgonacea,1366
Stylasteridae,22805
Holaxonia,-999
Umbellula magniflora,173577
Umbellula lindahli,128531
Umbellula guentheri,418863
Polymyces fragilis,290837
Pennatulacea,1367
Cladocora debilis,135147
Funiculina quadrangularis,128506
Madracis myriaster,287111
Scleractinia,1363
Vaughanella margaritata,286898
Javania antarctica,173056
Javania borealis,287032
Javania cailleti,135198
Javania californica,287033
Javania lamprotichum,287037
Javania exserta,287034
Pourtalocyathus hispidus,290848
Gardineria hawaiiensis,287443
Polymyces montereyensis,290838
Enallopsammia rostrata,135190
Crispatotrochus squiresi,289745
Flabellum (Ulocyathus) alabastrum,135194
Paracyathus molokensis,286823
Premocyathus cornuformis,135167
Madracis kauaiensis,208944
Flabellum (Flabellum) chunii,135196
Caryophyllia (Caryophyllia) ambrosia,135135
Eguchipsammia serpentina,286985
Madracis kauaiensis var. macrocalyx,493219
Flabellum (Ulocyathus) macandrewi,135197
Peponocyathus folliculus,135216
Flabellum (Flabellum) pavoninum,287022
Labyrinthocyathus quaylei,290268
Oculina tenella,287100
Solenosmilia variabilis,135168
Eguchipsammia fistula,286983
Astrangia rathbuni,287124
Enallopsammia profunda,157965
Fungiacyathus (Bathyactis) symmetricus,287088
Astrangia poculata,157967
Flabellum (Ulocyathus) angulare,135195
Flabellum (Flabellum) vaughani,287031
Caryophylliidae,135073
Trochocyathus (Trochocyathus) vasiformis,286896
Trochocyathus (Aplocyathus) brevispina,286872
Trochocyathus (Trochocyathus) cooperi,286876
Trochocyathus (Trochocyathus) cepulla,286875
Trochocyathus (Aplocyathus) hastatus,286884
Trochocyathus (Trochocyathus) burchae,286873
Trochocyathus (Trochocyathus) apertus,286871
Trochocyathus (Trochocyathus) philippinensis,286891
Trochocyathus (Trochocyathus) laboreli,286886
Trochocyathus (Trochocyathus) discus,286878
Trochocyathus (Trochocyathus) gordoni,286883
Trochocyathus (Trochocyathus) efateensis,286879
Trochocyathus (Trochocyathus) maculatus,286888
Trochocyathus (Trochocyathus) rhombocolumna,286894
Trochocyathus (Trochocyathus) rawsonii,286893
Truncatoflabellum truncum,287068
Tubastraea micranthus,291255
Turbinaria peltata,207512
Vaughanella oreophila,286900
Vaughanella multipalifera,286899
Vaughanella concinna,135177
Deltocyathus corrugatus,286793
Balanophyllia (Balanophyllia) diffusa,216155
Balanophyllia (Balanophyllia) desmophyllioides,286915
Eguchipsammia gaditana,135189
Caryophyllia (Acanthocyathus) grayi,-999
Eguchipsammia japonica,286984
Endopachys grayi,289891
Dendrophylliidae,135074
Caryophyllia (Caryophyllia) rugosa,286763
Caryophyllia (Caryophyllia) scobinosa,286765
Madrepora porcellana,287095
Caryophyllia (Acanthocyathus) decamera,286738
Caryophyllia (Acanthocyathus) dentata,-999
Balanophyllia (Balanophyllia) floridana,286923
Balanophyllia (Balanophyllia) galapagensis,286924
Caryophyllia (Caryophyllia) abrupta,286723
Caryophyllia (Acanthocyathus) unicristata,286773
Deltocyathus crassiseptum,286794
Caryophyllia (Caryophyllia) abyssorum,135133
Caryophyllia (Acanthocyathus) karubarica,286750
Balanophyllia (Balanophyllia) gemma,286925
Balanophyllia (Balanophyllia) generatrix,286926
Caryophyllia (Acanthocyathus) spinigera,286769
Caryophyllia (Caryophyllia) antarctica,172992
Caryophyllia (Caryophyllia) ambrosia ambrosia,-999
Caryophyllia (Caryophyllia) alberti,135134
Balanophyllia (Balanophyllia) gigas,286927
Caryophyllia (Caryophyllia) ambrosia caribbeana,-999
Balanophyllia (Balanophyllia) laysanensis,286933
Balanophyllia (Balanophyllia) malouinensis,173038
Flabellum (Flabellum) thouarsii,287026
Trochocyathus (Trochocyathus) aithoseptatus,286870
Dendrophyllia arbuscula,210746
Trochocyathus (Trochocyathus) mauiensis,286889
Flabellum (Flabellum) curvatum,173052
Trochocyathus (Trochocyathus) oahensis,216151
Trochocyathus (Trochocyathus) patelliformis,286890
Lochmaeotrochus oculeus,290317
Flabellum (Flabellum) areum,287001
Flabellum (Flabellum) flexuosum,173049
Aulocyathus juvenescens,286720
Monohedotrochus capitolii,492269
Aulocyathus recidivus,286722
Monohedotrochus circularis,492270
Aulocyathus atlanticus,135132
Monohedotrochus epithecatus,492272
Balanophyllia (Balanophyllia) cellulosa,135179
Javania insignis,287036
Flabellum (Flabellum) cinctutum,736238
Balanophyllia (Balanophyllia) capensis,286905
Balanophyllia (Balanophyllia) cornu,286910
Balanophyllia (Balanophyllia) chnous,173036
Balanophyllia (Balanophyllia) crassitheca,286912
Flabellum (Flabellum) impensum,173050
Deltocyathus cameratus,286792
Balanophyllia (Balanophyllia) dentata,286914
Balanophyllia (Balanophyllia) cumingii,216153
Balanophyllia (Balanophyllia) crassiseptum,286911
Fungiacyathus (Fungiacyathus) fragilis,135204
Letepsammia formosissima,290286
Deltocyathoides orientalis,287127
Peponocyathus minimus,287129
Deltocyathus andamanicus,286790
Notophyllia hecki,290501
Notophyllia recta,290503
Javania cristata,736239
Labyrinthocyathus langae,290266
Rhizosmilia gerdae,290973
Schizocyathus fissilis,135207
Oxysmilia corrugata,290563
Paraconotrochus antarcticus,290632
Caryophyllia (Caryophyllia) berteriana,286731
Polycyathus senegalensis,286847
Phyllangia pequegnatae,287747
Stephanocyathus (Odontocyathus) coronatus,286851
Labyrinthocyathus facetus,290265
Paraconotrochus capense,290633
Paraconotrochus zeidleri,290634
Javania fusca,287035
Concentrotheca laevigata,135151
Paracyathus pruinosus,286828
Flabellum (Flabellum) gardineri,173054
Labyrinthocyathus limatulus,290267
Flabellum (Ulocyathus) apertum apertum,286998
Fungiacyathus (Fungiacyathus) pusillus,346426
Fungiacyathus (Bathyactis) crispus,135203
Fungiacyathus (Bathyactis) marenzelleri,135205
Balanophyllia (Balanophyllia) bayeri,286902
Heterocyathus aequicostatus,216146
Pourtalopsammia togata,290849
Balanophyllia (Eupsammia) caribbeana,286906
Balanophyllia (Eupsammia) pittieri,510035
Balanophyllia (Balanophyllia) wellsi,286954
Balanophyllia (Balanophyllia) dineta,286917
Thalamophyllia gombergi,286867
Balanophyllia (Balanophyllia) hadros,286928
Desmophyllum striatum,286811
Trochocyathus (Trochocyathus) fossulus,286881
Stephanocyathus (Stephanocyathus) laevifundus,286855
Deltocyathus pourtalesi,286803
Polymyces wellsi,290839
Bathypsammia fallosocialis,289502
Flabellum (Flabellum) atlanticum,287002
Thecopsammia socialis,291210
Deltocyathus italicus,135156
Phacelocyathus flos,290728
Goniocorella dumosa,290021
Eguchipsammia strigosa,286986
Caryophyllia (Caryophyllia) horologium,286746
Flabellum (Ulocyathus) moseleyi,287019
Coenocyathus parvulus,286785
Bathypsammia tintinnabulum,289503
Trochocyathus (Trochocyathus) fasciatus,286880
Flabellum (Flabellum) floridanum,287008
Stephanocyathus (Stephanocyathus) paliferus,286856
Heterocyathus alternatus,288862
Caryophyllia (Caryophyllia) antillarum,286727
Leptopenus antarcticus,173390
Cryptotrochus carolinensis,289751
Stephanocyathus (Stephanocyathus) diadema,286852
Leptopsammia chevalieri,286989
Tethocyathus variabilis,135173
Deltocyathus eccentricus,135155
Deltocyathus moseleyi,135157
Phyllangia papuensis,287746
Madrepora minutiseptum,287094
Madracis brueggemanni,287105
Placotrochides frustum,135201
Madracis pharensis,135212
Madrepora arbuscula,-999
Madracis asperula,135211
Caryophyllia (Caryophyllia) polygona,286759
Polycyathus octuplus,286844
Pourtalosmilia anthophyllites,135166
Anomocora prolifera,286719
Premocyathus dentiformis,286850
Caryophyllia (Caryophyllia) smithii,135144
Oxysmilia rotundifolia,290565
Cladopsammia manuelensis,286959
Tethocyathus cylindraceus,286861
Sphenotrochus (Eusthenotrochus) auritus,287131
Coenosmilia arbuscula,135150
Flabellum (Flabellum) knoxi,287012
Sphenotrochus (Sphenotrochus) lindstroemi,287139
Tethocyathus recurvatus,286865
Eguchipsammia cornucopia,135188
Guynia annulata,135206
Anomocora fecunda,135130
Pourtalosmilia conferta,286849
Anomocora marchadi,286718
Dendrophyllia alternata,135184
Deltocyathus agassizi,286789
Balanophyllia (Balanophyllia) palifera,286936
Balanophyllia (Balanophyllia) cyathoides,286913
Polycyathus mayae,286842
Sphenotrochus (Sphenotrochus) andrewianus moorei,422758
Rhizosmilia maculata,290974
Deltocyathoides stimpsonii,135215
Tethocyathus prahli,286864
Trematotrochus corbicula,291231
Caryophyllia (Caryophyllia) crypta,286737
Conotrochus brunneus,289705
Flabellum (Ulocyathus) marcus,287016
Caryophyllia (Caryophyllia) arnoldi,286728
Coenocyathus bowersi,286780
Balanophyllia (Balanophyllia) elegans,286920
Guyniidae,135077
Caryophyllia (Caryophyllia) alaskensis,286724
Heterocyathus sulcatus,288865
Cladopsammia echinata,286956
Javania pseudoalabastra,135199
Dendrophyllia oldroydae,286978
Cladocora arbuscula,286778
Balanophyllia (Eupsammia) carinata,286907
Balanophyllia (Balanophyllia) thalassae,135182
Trochopsammia infundibulum,291246
Caryophyllia (Caryophyllia) sarsiae,135142
Caryophyllia (Caryophyllia) corrugata,286735
Caryophyllia (Caryophyllia) zopyros,286776
Caryophyllia (Caryophyllia) paucipalata,286755
Coenocyathus anthophyllites,135148
Balanophyllia (Eupsammia) imperialis,286929
Balanophyllia (Eupsammia) stimpsonii,286947
Coenocyathus brooki,286781
Cladopsammia eguchii,286957
Bathycyathus chilensis,289499
Caryophyllia (Caryophyllia) calveri,135137
Anomocora gigas,286716
Bathelia candida,-999
Thalamophyllia tenuescens,286869
Rhizosmilia multipalifera,290975
Rhizopsammia annae,289175
Rhizosmilia robusta,290976
Caryophyllia (Caryophyllia) profunda,173023
Caryophyllia (Caryophyllia) quadragenaria,286760
Stephanocyathus (Odontocyathus) campaniformis,135169
Stephanocyathus (Acinocyathus) spiniger,286859
Sphenotrochus (Sphenotrochus) gardineri,287135
Caryophyllia (Caryophyllia) ralphae,286762
Stephanocyathus (Acinocyathus) explanans,286853
Tethocyathus virgatus,286866
Stephanocyathus (Odontocyathus) nobilis,135172
Stephanocyathus (Stephanocyathus) moseleyanus,135171
Stephanocyathus (Odontocyathus) weberianus,286860
Stephanocyathus (Stephanocyathus) crassus,135170
Stephanocyathus (Stephanocyathus) regius,286858
Tethocyathus endesa,286862
Caryophyllia (Caryophyllia) seguenzae,135143
Caryophyllia (Caryophyllia) grandis,286743
Stephanocyathus (Stephanocyathus) platypus,286857
Rhizopsammia verrilli,210737
Sympodangia albatrossi,291157
Anthemiphyllia macrolobata,289414
Caryophyllia (Caryophyllia) solida,286767
Caryophyllia (Caryophyllia) squiresi,286770
Caryophyllia (Caryophyllia) stellula,286771
Caryophyllia (Caryophyllia) transversalis,286772
Caryophyllia (Caryophyllia) valdiviae,286774
Caryophyllia (Caryophyllia) versicolorata,504175
Conotrochus funicolumna,289706
Caryophyllia (Caryophyllia) cyathus,135138
Labyrinthocyathus delicatus,290264
Crispatotrochus curvatus,289736
Rhizopsammia goesi,289178
Crispatotrochus rugosus,289744
Crispatotrochus rubescens,289743
Lochmaeotrochus gardineri,290316
Deltocyathus ornatus,286800
Caryophyllia (Caryophyllia) hawaiiensis,286745
Bourneotrochus stellulatus,289532
Crispatotrochus foxi,289737
Dendrophyllia californica,286965
Fungiacyathus (Bathyactis) hydra,287077
Paracyathus stearnsii,286830
Balanophyllia (Balanophyllia) regia,135181
Caryophyllia (Caryophyllia) diomedeae,135139
Caryophyllia (Caryophyllia) japonica,286748
Balanophyllia (Balanophyllia) parvula,286938
Balanophyllia (Balanophyllia) rediviva,216152
Caryophyllia (Caryophyllia) crosnieri,286736
Caryophyllia (Caryophyllia) lamellifera,286751
Concentrotheca vaughani,286787
Confluphyllia juncta,289700
Conotrochus asymmetros,289704
Deltocyathus magnificus,286797
Deltocyathus rotulus,286804
Deltocyathus heteroclitus,286796
Caryophyllia (Caryophyllia) concreta,503251
Caryophyllia (Caryophyllia) atlantica,135136
Caryophyllia (Caryophyllia) octopali,286754
Caryophyllia (Caryophyllia) marmorea,286752
Caryophyllia (Caryophyllia) perculta,286757
Ceratotrochus laxus,411160
Crispatotrochus galapagensis,289738
Coenosmilia inordinata,286786
Dendrophyllia johnsoni,286976
Balanophyllia (Balanophyllia) cedrosensis,286908
Balanophyllia (Balanophyllia) diomedeae,286918
Crispatotrochus septumdentatus,504003
Fungiacyathus (Bathyactis) fissilis,287075
Cyathelia axillaris,287776
Dactylotrochus cervicornis,289783
Fungiacyathus (Bathyactis) pseudostephanus,287082
Caryophyllia (Caryophyllia) planilamellata,286758
Caryophyllia (Caryophyllia) laevigata,504172
Deltocyathus parvulus,286801
Deltocyathus taiwanicus,286808
Caryophyllia (Caryophyllia) kellerae,736236
Caryophyllia (Caryophyllia) huinayensis,286747
Caryophyllia (Caryophyllia) inornata,135141
Caryophyllia (Caryophyllia) oblonga,504173
Deltocyathus stella,286806
Deltocyathus suluensis,286807
Dendrophyllia alcocki,286962
Crispatotrochus cornu,289735
Dendrophyllia boschmai,346423
Dendrophyllia cladonia,286968
Dendrophyllia cornigera,135185
Dendrophyllia dilatata,286970
Dendrophyllia indica,286975
Dendrophyllia ramea,135187
Caryophyllia (Caryophyllia) paradoxus,216141
Caryophyllia (Caryophyllia) octonaria,286753
Deltocyathus varians,286809
Deltocyathus vaughani,286810
Dendrophyllia ijimai,286973
Caryophyllia (Caryophyllia) cornulum,286734
Enallopsammia pusilla,286988
Endopachys bulbosa,289890
Caryophyllia (Caryophyllia) eltaninae,286741
Dasmosmilia variegata,135153
Gardineria paradoxa,287445
Caryophyllia (Caryophyllia) barbadensis,286730
Clavulariidae,125270
Stolonifera,-999
Clavularia grandiflora,286025
Plakina tanaga,195924
Oscarella lobularis,133928
Plakina bioxea,169732
Dasmosmilia lymani,135152
Telestula corrugata,517834
Alcyonacea,1365
Alcyoniina,411555
Bathyalcyon robustum,724718
Nephtheidae,146762
Pseudodrifa nigra,290874
Telestula spiculicola,517835
Clavularia modesta,158266
Siphonogorgia collaris,288730
Nidalia occidentalis,290487
Gersemia fruticosa,156101
Bellonella molokaiensis,289513
Chironephthya agassizii,418845
Stereonephthya portoricensis,418848
Nidalia rubripunctata,290488
Gersemia juliepackardae,944595
Telesto nelleae,287518
Stereotelesto corallina,291129
Eleutherobia rubra,287765
Chironephthya caribaea,418846
Duva florida,146943
Telesto smithi,517830
Telestula tubaria,418844
Alcyonium digitatum,125333
Telesto sanguinea,287522
Telesto fruticulosa,287517
Drifa glomerata,146941
Carijoa operculata,418843
Aquaumbridae,701654
Bellonella rubistella,289516
Telesto flavula,287516
Alcyonium acaule,125331
Clavularia armata,517651
Scleranthelia rugosa var. musiva,422750
Telestula septentrionalis,125344
Clavularia rudis,177678
Nidalia dissidens,290480
Sinularia abrubta,209983
Alcyoniidae,125269
Nidaliidae,196169
Siphonogorgia agassizii,288722
Sarcodictyon rugosum,517775
Telesto corallina,287515
Paralcyonium spinulosum,125421
Telesto operculata,287519
Nidalia deichmannae,290479
Capnella glomerata,146765
Scleranthelia rugosa,125342
Telesto nuttingi,517827
Telesto californica,287514
Leiopathes glaberrima,103326
Halipteris willemoesi,286626
Gersemia rubiformis,156103
Halipteris californica,286623
Pennatulidae,128484
Kophobelemnon hispidum,286629
Virgularia presbytes,286712
Distichoptilum gracile,128524
Kophobelemnidae,128483
Anthoptilum grandiflorum,128504
Pennatula grandis,128516
Calibelemnon symmetricum,288080
Halipteris finmarchica,128509
Pennatula inflata,221131
Anthoptilum murrayi,128505
Kophobelemnon stelliferum,128512
Protoptilum carpenteri,128525
Scleroptilum grandiflorum,183413
Malacobelemnon daytoni,766545
Pennatula rubra,128519
Funiculinidae,128481
Virgularia agassizi,286702
Pennatula phosphorea,128517
Virgularia bromleyi,286705
Pennatula pearceyi,286641
Virgularia abies,286701
Virgularia gracilis,183484
Virgularia glacialis,128538
Stachyptilum superbum,291109
Umbellula huxleyi,128530
Virgularia mirabilis,128539
Umbellula thomsoni,128533
Umbellula spicata,286671
Veretillum cynomorium,128536
Funiculina armata,286621
Halipteris africana,128507
Cavernulina darwini,289234
Scleroptilidae,182877
Anthoptilidae,128480
Umbellula encrinus,128529
Halipteris christii,128508
Acanthoptilum oligacis,289326
Sclerobelemnon theseus,291040
Gyrophyllum hirondellei,128514
Protoptilidae,128485
Umbellula durissima,183476
Echinoptilum macintoshi,287982
Umbellulidae,128486
Virgulariidae,128488
Renilla muelleri,290962
Renilla reniformis,290965
Renillidae,266953
Swiftia pacifica,1036537
Chromoplexaura marki,724231
Leptogorgia chilensis,286222
Corallium laauense,517698
Eugorgia rubens,289935
Tethyidae,131677
Parastenella ramosa,290684
Plumarella longispina,287671
Corallium niveum,286590
Corallium bathyrubrum,883741
Corallium regale,286593
Paracorallium tortuosum,290641
Corallium ducale,286585
Corallium abyssale,286582
Corallium kishinouyei,517697
Coralliidae,125280
Corallium porcellanum,286591
Corallium boshuense,286584
Corallium reginae,286594
Corallium niobe,125415
Corallium carusrubrum,607937
Corallium sulcatum,286597
Corallium taiwanicum,607938
Paracorallium nix,290637
Paracorallium thrinax,290640
Corallium bayeri,883742
Corallium imperiale,286588
Corallium secundum,286595
Muricea pendula,177746
Paracyathus pulchellus,135163
Ptilosarcus gurneyi,290947
Adelogorgia phyllosclera,289357
Tubastraea coccinea,291251
Pseudoanthomastus pacificus,290868
Heteropolypus steenstrupi,724716
Heteropolypus japonicus,724714
Pseudoanthomastus fisheri,724712
Anthomastus granulosus,286015
Anthomastus grandiflorus,125335
Anthomastus agassizii,158261
Heteropolypus ritteri,724715
Anthomastus tahinodus,286021
Iophon lamella,167407
Hexactinellida,22612
Epiphaxum micropora,289903
Epiphaxum breve,289902
Errinopora nanneca,289914
Lepidopora glabra,285830
Crypthelia trophostega,285799
Crypthelia insolita,285786
Crypthelia cymas,285778
Errina macrogastra,285817
Crypthelia medioatlantica,117954
Lepidopora cryptocymas,285826
Crypthelia glossopoma,285785
Lepidopora decipiens,285827
Cyclohelia lamellata,289768
Lepidopora biserialis,285822
Stylaster verrillii,285915
Crypthelia glebulenta,285784
Crypthelia dactylopoma,285779
Errinopora zarhyncha,289917
Lepidotheca macropora,289278
Lepidopora dendrostylus,285828
Crypthelia gigantea,285783
Lepidotheca fascicularis,289275
Crypthelia eueides,285780
Lepidotheca inconsuta,289277
Crypthelia pudica,285794
Lepidopora polystichopora,285832
Lepidotheca chauliostylus,289274
Leptohelia microstylus,856275
Lepidotheca altispina,289271
Leptohelia flexibilis,829024
Lepidotheca robusta,289281
Stylaster marenzelleri,285891
Lepidopora sarmentosa,174796
Stylaster campylecus,346433
Stylaster brochi,285858
Lepidopora acrolophos,174794
Stylantheca papillosa,291143
Lepidopora symmetrica,285833
Lepidopora diffusa,285829
Lepidotheca ramosa,289280
Stylaster griggi,285882
Stylaster leptostylus,592248
Stylaster infundibuliferus,285887
Stylaster stejnegeri,285910
Stylaster trachystomus,592249
Stylaster venustus,285914
Stylaster parageus,592250
Stylaster parageus parageus,592251
Stylaster alaskanus,285846
Lepidotheca horrida,289276
Lepidotheca pourtalesi,289279
Stylaster miniatus,285894
Crypthelia floridana,285781
Errina cochleata,285807
Errina altispina,285800
Stylaster galapagensis,285879
Stylaster elassotomus,285874
Crypthelia tenuiseptata,117955
Crypthelia papillosa,285790
Stylaster gemmascens alaskanus,835688
Lepidotheca brochi,289272
Crypthelia peircei,285791
Lepidopora clavigera,285824
Lepidopora concatenata,285825
Distichopora asulcata,288318
Distichopora anceps,288316
Stylaster eguchii,231603
Errina gracilis,285812
Stylaster ibericus,117966
Distichopora borealis,288320
Inferiolabiata lowei,289284
Errina laterorifa,285816
Errinopsis fenestrata,174788
Errina cheilopora,285806
Errina sinuosa,285821
Stylaster lonchitis,285890
Errinopsis reticulum,287497
Errina laevigata,285815
Errina novaezelandiae,285818
Errina antarctica,285801
Errina fissurata,285811
Errina chathamensis,285805
Errina cyclopora,285809
Stylaster erubescens meteorensis,285876
Stylaster imbricatus,285885
Stylaster horologium,285884
Stylaster erubescens groenlandicus,118001
Errina australis,746094
Distichopora contorta,288323
Distichopora anomala,288317
Pliobothrus symmetricus,117962
Distichopora yucatanensis,288339
Pliobothrus echinatus,285834
Stylaster roseus,285905
Stylaster erubescens,117964
Inferiolabiata labiata,289283
Distichopora sulcata,288336
Pliobothrus tubulatus,285837
Stylaster filogranus,285877
Distichopora rosalindae,288334
Distichopora foliacea,288325
Stenohelia concinna,285838
Stylaster duchassaingi,285873
Errina bicolor,285802
Distichopora uniserialis,288337
Errinopora cestoporina,289912
Stylaster robustus,231592
Stylaster inornatus,285888
Distichopora dispar,288324
Stephanohelia praecipua,291123
Stylaster complanatus,285868
Stylaster spatula,285909
Errina boschmai,285803
Stylaster gemmascens,117965
Distichopora vervoorti,288338
Stylaster laevigatus,285889
Stenohelia venusta,736244
Stylaster densicaulis,174823
Stylaster divergens,285872
Stylaster corallium,285869
Stylaster aurantiacus,285850
Stylaster profundus,231579
Stenohelia pauciseptata,285841
Stenohelia maderensis,117963
Stylaster antillarum,285848
Stenohelia profunda,-999
Errina aspera,117957
Distichopora cervina,288321
Stylaster sinuosus,856308
Stylaster erubescens britannicus,118000
Errina cooki,285808
Stylaster kenti,736243
Stylaster brunneus,285859
Stylaster norvegicus,117968
Distichopora barbadensis,288319
Errina atlantica,117958
Stylaster sanguineus,285906
Distichopora laevigranulosa,288328
Stylaster boreopacificus,285856
Errina kerguelensis,231567
Distichopora borealis japonica,526974
Errinopora stylifera,289916
Stylaster eximius f. irregularis,528686
Stylaster bilobatus,285852
Errina reticulata,285820
Distichopora nitida,288330
Pliobothrus fistulosus,285835
Stylaster cocosensis,285867
Errina dendyi,285810
Stenohelia minima,527589
Stylaster multiplex,285896
Farrea occa,134391
Oculina varicosa,287102
Phyllangia americana,346430
Spheciospongia confoederata,170531
Ellisella funiculina,517713
Iridogorgia pourtalesii,125354
Calyptrophora agassizii,287648
Anthothela nuttingi,286578
Narella arbuscula,409558
Plexauridae,125277
Paramuricea placomus,125390
Placogorgia rudis,286408
Narella gigas,409563
Acanthogorgia armata,125348
Narella orientalis,286527
Narella clavata,286513
Primnoidae,-999
Chrysogorgia agassizii,125351
Metallogorgia melanotrichos,125355
Narella bayeri,409557
Calyptrophora microdentata,287655
Eunicella modesta,177818
Candidella gigantea,286505
Muriceopsis sulphurea,-999
Narella bowersi,286512
Muriceopsis tuberculata,880119
Plumarella pourtalesii,177840
Radicipes gracilis,125357
Callozostron mirabile,173455
Calyptrophora trilepis,177836
Acanthogorgia aspera,177735
Narella muzikae,409564
Calcaxonia,411557
Swiftia koreni,418855
Iridogorgia magnispiralis,286154
Thesea grandiflora,286433
Ellisella grandis,291870
Muricea hebes,287564
Narella cristata,409559
Muricea robusta,287575
Rhodaniridogorgia superba,290986
Narella dichotoma,286515
Chrysogorgia thyrsiformis,286150
Callogorgia gracilis,286489
Callogorgia linguimaris,286495
Calyptrophora japonica,-999
Thouarella (Euthouarella) hilgendorfi,125413
Placogorgia tenuis,286413
Paracalyptrophora hawaiinensis,883733
Calyptrophora angularis,287649
Nicella deichmannae,286166
Calyptrophora clinata,287652
Callozostron diplodiadema,173453
Ellisella atlantica,292603
Callozostron acanthodes,287470
Calyptrophora wyvillei,287658
Scleracis petrosa,291028
Villogorgia nigrescens,286471
Calyptrophora cucullata,719488
Leptogorgia stheno,286285
Nicella obesa,286177
Callogorgia gilberti,286488
Calyptrophora inornata,719489
Nicella hebes,286172
Calyptrophora diaphana,719492
Paramuricea grandis,158289
Calyptrophora niwa,719491
Acanthogorgia striata,286088
Dasystenella acanthina,289785
Arntzia gracilis,289455
Callogorgia formosa,286487
Anthothela argentea,286577
Onogorgia nodosa,409528
Muricella complanata,290387
Armadillogorgia cyathella,173416
Villogorgia antillarum,517853
Swiftia exserta,286416
Iridogorgia bella,286152
Metafannyella mawsoni,409517
Metafannyella lepidota,409514
Chrysogorgia geniculata,286122
Fanellia euthyeia,289950
Narella alata,409567
Iciligorgia schrammi,290178
Callogorgia americana,177832
Chrysogorgiidae,125273
Titanideum frauenfeldii,291226
Paracis miyajimai,290616
Keroeides mosaica,517724
Nicella guadalupensis,286171
Dendrobrachia fallax,289791
Leptogorgia euryale,286234
Narella hawaiinensis,409562
Muricella ramosa,290404
Australogorgia aldersladei,409553
Anthothela tropicalis,286581
Candidella imbricata,125406
Corallium medea,177725
Riisea paniculata,290997
Thesea nutans,286438
Bebryce cinerea,286340
Diodogorgia nodulifera,288872
Dendrobrachia multispina,289792
Swiftia casta,177815
Candidella helminthophora,286506
Anthothela grandiflora,125414
Ellisella elongata,520722
Placogorgia graciosa,125393
Chrysogorgia desbonni,286112
Acanthoprimnoa goesi,289317
Plumarella circumoperculum,574228
Ellisella barbadensis,520719
Narella macrocalyx,409566
Plumarella laxiramosa,287670
Iridogorgia splendens,286155
Muricea fruticosa,287562
Calyptrophora spinosa,287657
Plumarella dichotoma,287665
Melithaea bicolor,746484
Lytreia plana,290323
Nicella toeplitzae,286180
Primnoella polita,286548
Chrysogorgia artospira,883735
Placogorgia mirabilis,286401
Thesea rugosa,286445
Narella versluysi,125409
Bebryce grandis,286342
Chrysogorgia squamata,286147
Thesea gracilis,286432
Narella regularis,125408
Metallogorgia splendens,286157
Narella alvinae,286509
Muricea formosa,287561
Paranarella watlingi,290671
Narella laxa,125407
Pacifigorgia pulchra,290583
Iridogorgia fontinalis,286153
Eunicella albatrossi,286182
Nicella goreaui,286169
Chrysogorgia tricaulis,883737
Heterogorgia uatumani,290110
Paramuricea echinata,517760
Paramuricea biscaya,125385
Plumarella pellucida,287672
Muricea pinnata,287570
Chrysogorgia herdendorfi,177822
Paracalyptrophora duplex,286534
Chrysogorgia elegans,177823
Chrysogorgia abludo,883734
Thesea parviflora,286440
Nicella gracilis,286170
Paracalyptrophora carinata,286533
Narella ornata,286528
Acanthogorgia schrammi,177733
Rhodaniridogorgia fragilis,290985
Acanthoprimnoa pectinata,289318
Chrysogorgia averta,883736
Narella vermifera,409565
Calcigorgia beringi,520678
Pacifigorgia stenobrochis,520697
Chrysogorgia stellata,286148
Paracalyptrophora echinata,883732
Thesea citrina,286427
Muricea laxa,287567
Thesea plana,286441
Ellisella limbaughi,520726
Thouarella (Euthouarella) grasshoffi,286561
Fanellia tuberculata,289955
Bebryce brunnea,520676
Calyptrophora alpha,883727
Scleracis guadalupensis,418854
Ellisella schmitti,177831
Nicella robusta,286178
Narella bellissima,177838
Radicipes spiralis,286162
Leptogorgia medusa,286250
Leptogorgia filicrispa,744364
Narella pauciflora,286530
Leptogorgia styx,286286
Thesea guadalupensis,286434
Muriceides nigra,286365
Muricea tenella,287578
Muriceides cylindrica,286358
Menella grandiflora,288370
Villogorgia bebrycoides,125404
Chrysogorgia fewkesii,286118
Muriceides tenuis,286368
Bebryce parastellata,286346
Calyptrophora gerdae,177834
Fanellia compressa,289948
Thesea rubra,418858
Swiftia pallida,125401
Cyclomuricea flabellata,289769
Ellisella grandiflora,520725
Leptogorgia barbadensis,286214
Plumarella pourtalesii f. robusta,409534
Plumarella aurea,287663
Leptogorgia cardinalis,286219
Narella ambigua,286510
Fanellia medialis,289954
Fanellia fraseri,289951
Parastenella atlantica,290682
Narella alaskensis,409561
Plumarella aculeata,287659
Muricea appressa,287552
Narella abyssalis,409560
Parastenella bayeri,574229
Parastenella doederleini,290683
Trichogorgia lyra,289183
Parastenella gymnogaster,409580
Hypnogorgia pendula,290166
Parastenella pacifica,409581
Calyptrophora antilla,287650
Anthomuricea tenuispina,289430
Chrysogorgia multiflora,286130
Thesea hebes,286435
Nicella americana,286164
Thouarella (Thouarella) bipinnata,286553
Distichogorgia sconsa,177825
Convexella jungerseni,289708
Acanthogorgia angustiflora,286040
Primnoella delicatissima,286543
Calyptrophora pileata,883729
Narella spectabilis,286531
Keroeididae,196168
Paramuricea multispina,286382
Muriceides hirta,418852
Briareidae,266946
Keroeides pallida,517725
Calcigorgia spiculifera,378316
Muricea elongata,287559
Paracalyptrophora simplex,286537
Placogorgia tribuloides,418853
Plexaura nina,290802
Thesea antiope,286423
Pseudopterogorgia hystrix,290899
Muriceopsis petila,290418
Pseudoplexaura porosa,290881
Acanthogorgia hirta,286061
Thelogorgia vossi,291215
Spinimuricea atlantica,125397
Sibogagorgia cauliflora,517784
Thouarella (Epithouarella) chilensis,286556
Bayergorgia vermidoma,472851
Callogorgia elegans,286485
Convexella magelhaenica,289710
Leptogorgia setacea,158286
Narella leilae,286523
Thelogorgia stellata,291213
Narella irregularis,286521
Digitogorgia kuekenthali,517702
Narella megalepis,286524
Tauroprimnoa austasensis,585229
Placogorgia intermedia,125394
Thouarella (Thouarella) variabilis,286574
Thouarella (Thouarella) antarctica,173547
Thouarella (Epithouarella) crenelata,286558
Thouarella (Thouarella) minuta,716941
Thouarella (Thouarella) koellikeri,286563
Thouarella (Thouarella) sardana,743431
Callogorgia arawak,832291
Eunicella pillsbury,286201
Calyptrophora clarki,287651
Acanthogorgiidae,125272
Ainigmaptilon edisto,289369
Acanthogorgia flabellum,286052
Heptaprimnoa patagonica,710878
Acanthogorgia incrustata,286064
Ainigmaptilon haswelli,289370
Ainigmaptilon antarcticum,289368
Ellisellidae,125274
Aglaoprimnoa stefanii,173407
Acanthogorgia media,286071
Acanthogorgia inermis,286065
Muricea atlantica,287554
Acanthogorgia muricata,286074
Thouarella (Thouarella) hicksoni,286562
Thouarella (Epithouarella) viridis,578627
Thouarella (Thouarella) clavata,286557
Thouarella (Thouarella) andeep,517838
Thouarella (Euthouarella) longispinosa,173553
Chrysogorgia calypso,286104
Thouarella (Thouarella) brucei,286554
Chrysogorgia antarctica,286100
Chrysogorgia fruticosa,286121
Swiftia kofoidi,286417
Chrysogorgia flexilis,286120
Acanthogorgia ceylonensis,286049
Chrysogorgia scintillans,286143
Chrysogorgia papillosa,286134
Chrysogorgia chryseis,286106
Leptogorgia flexilis,286238
Narella parva,286529
Thouarella (Thouarella) undulata,743432
Thouarella (Thouarella) pendulina,286567
Olindagorgia gracilis,290926
Thouarella regularis,-999
Thouarella grandiflora,743681
Nicella flagellum,418862
Briareopsis aegeon,289533
Fannyella (Fannyella) rossii,409519
Callogorgia kinoshitae,286493
Callogorgia delta,832293
Thesea nivea,418857
Leptogorgia flammea,286237
Xenogorgia sciurus,213072
Fannyella (Cyathogorgia) spinosa,409525
Thesea granulosa,418856
Pleurogorgia militaris,290779
Fanellia corymbosa,289949
Fannyella (Fannyella) kuekenthali,409520
Callogorgia verticillata,125405
Acanthogorgia gracillima,286057
Metafannyella aurora,409516
Fannyella (Scyphogorgia) abies,743429
Metanarella nannolepis,719487
Mirostenella articulata,290361
Microprimnoa diabathra,290350
Metafannyella eos,409515
Muricella reticulata,290405
Plexaura homomalla,290797
Eunicea flexuosa,834203
Narella mesolepis,719479
Narella dampieri,719483
Narella horrida,286520
Narella hypsocalyx,719480
Narella vulgaris,719481
Narella mosaica,719482
Echinogorgia russelli,517708
Narella obscura,286526
Narella studeri,286532
Narelloides crinitus,719485
Primnoella scotiae,286549
Ophidiogorgia kuekenthali,287472
Ophidiogorgia paradoxa,173476
Paracalyptrophora josephinae,125410
Pyrogorgia lemnos,409531
Radicipes pleurocristatus,286161
Helicogorgia squamifera,520694
Rosgorgia inexspectata,290998
Paramuricea grayi,125388
Helicogorgia spiralis,520693
Solenocaulon sterroclonium,287993
Parastenella spinosa,290685
Perissogorgia vitrea,290724
Helicoprimnoa fasciola,719494
Phyllogorgia dilatata,290757
Melithaea dichotoma,746537
Perissogorgia bythia,290718
Perissogorgia colossus,290719
Perissogorgia penna,290721
Perissogorgia monile,290720
Iciligorgia boninensis,290171
Plexaurella grandiflora,290814
Plumarella diadema,716943
Plumarella delicatissima,287664
Leptogorgia hebes,177819
Primnoella chilensis,409495
Primnoeides sertularoides,287857
Primnoella divaricata,286544
Leptogorgia virgulata,158288
Leptogorgia punicea,418859
Cryogorgia koolsae,289747
Gorgoniidae,125275
Chrysogorgia flavescens,286119
Pterogorgia citrina,290925
Chrysogorgia spiculosa,286146
Primnoa wingi,286540
Gorgonia ventalina,290045
Anthogorgia aurea,288014
Alaskagorgia aleutiana,289377
Arthrogorgia utinomii,289459
Chrysogorgia arborescens,286101
Chrysogorgia pinnata,1288558
Chrysogorgia curvata,286109
Chrysogorgia monticola,1288557
Chrysogorgia delicata,286111
Swiftia simplex,1036547
Plumarella superba,574237
Thouarella trilineata,574233
Psammogorgia torreyi,290865
Swiftia spauldingi,286420
Plumarella flabellata,287667
Plumarella spicata,287675
Radicipes verrilli,-999
Thouarella cristata,574232
Anthothela pacifica,286579
Arthrogorgia kinoshitai,289457
Callogorgia flabellum,286486
Callogorgia robusta,286500
Calyptrophora laevispinosa,409579
Calyptrophora bayeri,409578
Plexaurella nutans,290819
Thelogorgia studeri,291214
Eugorgia aurantiaca,289928
Acanthogorgia hedlundi,286060
Muricea squarrosa,287577
Arthrogorgia otsukai,289458
Leptogorgia rigida,286273
Leptogorgia laxa,517734
Flagelligorgia gracilis,1062999
Kulamanamana haumeaae,715097
Aphrocallistes vastus,171632
Psilocalyx wilsoni,171808
Aulosaccus schulzei,172025
Rhabdocalyptus dawsoni,574368
Regadrella okinoseana,171875
Pheronematidae,131685
Semperella schultzei,171595
Chonelasmatinae,171658
Euretinae,171685
Farreidae,131689
Aphrocallistes beatrix,134380
Asceptrulum axialis,171732
Farrea beringiana,171738
Saccocalyx careyi,196857
Hyalascus andamanensis,605835
Poliopogon mendocino,171585
Acanthascus profundum,723596
Heterochone tenera,171639
Staurocalyptus solidus,465569
Rossellidae,131694
Euplectellidae,131692
Hexasterophora,131590
Asconema foliatum,172017
Chonelasma choanoides,171662
Leioplegma polyphyllon,171614
Tretodictyum montereyense,344896
Heterochone calyx,171636
Hyalonema (Corynonema) populiferum,171425
Rhabdocalyptus unguiculatus,465566
Rhabdocalyptus tener,465568
Staurocalyptus dowlingi,464586
Holascus undulatus,171925
Aulosaccus ijimae,172022
Acanthascus platei,189809
Acanthascinae,723592
Aphorme horrida,172014
Farrea convolvulus,171739
Staurocalyptus fasciculatus,465691
Rhabdocalyptus asper,465686
Rhabdocalyptus mirabilis,465693
Conorete mucronatum,742626
Rhabdocalyptus tenuis,178291
Farrea aculeata,-999
Lanuginellinae,171949
Conorete erectum tubuliferum,171693
Conorete erectum,171689
Hexactinella ventilabrum,171805
Tretodictyum tubulosum,134397
Conorete erectum gracile,171691
Hyalonema (Oonema) pedunculatum,171518
Bathydorus spinosissimus,172035
Aulosaccus fissuratus,172020
Rhabdocalyptus heteraster,465692
Scyphidium tuberculatum,172119
Rhabdocalyptus borealis,465688
Staurocalyptus rugocruciatus,465362
Leucopsacidae,131693
Lyssacinosida,171834
Hyalonema (Coscinonema) pateriferum,171444
Rhabdocalyptus nodulosus,465695
Farrea mexicana,171750
Caulophacus (Caulophacus) schulzei,172062
Farrea occa claviformis,171752
Hyalonema (Oonema) bianchoratum,171508
Bolosominae,171836
Euretidae,131688
Corbitellinae,171848
Walteria flemmingi,171884
Walteria leuckarti,171885
Hexactinosida,171628
Amphidiscosida,160632
Amphidiscophora,131607
Thenea muricata,134106
Heteroscleromorpha,607950
Astrangia solitaria,287125
Haliclona (Haliclona) oculata,132833
Halichondria (Eumastia) sitiens,165789
Amphilectus digitatus infundibulus,225698
Mycale (Mycale) loveni,168642
Haliclona (Reniera) aquaeductus,132775
Coelosphaeridae,131650
Geodia robusta,-999
Hymeniacidon assimilis,132643
Homaxinella amphispicula,766264
Suberites ficus,134285
Geodia mesotriaena,-999
Esperiopsis flagrum,233110
Myxilla (Myxilla) incrustans,169466
Isodictya rigida,168470
Phakellia dalli,132507
Crella brunnea,133874
Tedania (Tedania) kagalaskai,225434
Isodictya palmata,133247
Mycale (Carmia) carlilei,225435
Amphilectus digitatus,225695
Thorectidae,131627
Halichondria (Halichondria) panicea,165853
Polymastia pachymastia,170652
Demospongiae,164811
Myxilla (Burtonanchora) lacunosa,169420
Suberites domuncula,134282
Geodiidae,131664
Echinoclathria beringensis,167912
Polymastia fluegeli,195929
Polymastia pacifica,-999
Ancorinidae,131662
Pachastrellidae,131665
Weberella bursa,134232
Tentorium semisuberites,134224
Amphilectus lobatus,168344
Pseudosuberites montiniger,134257
Megaciella anisochela,233105
Polymastia boletiformis,134194
Stelodoryx oxeata,233108
Mycale (Mycale) jasoniae,233178
Monanchora laminachela,233107
Euchelipluma elongata,233109
Chondrocladia (Meliiderma) occulta,394475
Latrunculia velera,233125
Echinoclathria vasa,233106
Cladorhiza corona,195927
Discorhabdella urizae,169011
Semisuberites cribrosa,168379
Chondrocladia (Chondrocladia) gigantea,133185
Mycale (Aegogropila) adhaerens,168518
Stylocordyla borealis,134240
Cornulum clathriata,167374
Monanchora alaskensis,169015
Vulcanellidae,597265
Cladorhiza pteron,255099
Poecillastra japonica,170262
Craniella villosa,171357
Stylocordyla borealis eous,170722
Phorbas paucistylifer,169346
Poecilosclerida,131599
Haplosclerida,131598
Crambeidae,131651
Tetractinellida,597812
Esperiopsidae,168337
Microcionidae,131641
Aaptos kanuux,370514
Desmacellidae,131645
Cladorhizidae,131644
Polymastiidae,131673
Xestospongia edapha,196370
Xestospongia diprosopia,166886
Clathria (Microciona) primitiva,167677
Guitarra abbotti,168399
Haliclona (Gellius) textapatina,166566
Hymeniacidon sinapium,165916
Stelletta clarella,169914
Iophon nigricans,132971
Gastrophanella primore,171205
Coelosphaera (Coelosphaera) oglalai,225432
Artemisina amlia,225431
Melonanchora globogilva,225433
Topsentia fernaldi,165948
Mycale (Aegogropila) bamfieldensis,168524
Geodia agassizii,170096
Geodia angulata,597598
Geodia mesotriaenella,170147
Geodia bicolor,597599
Erylus sollasi,170092
Erylus rotundus cidaris,170089
Erylus rotundus megarhabdus,170090
Erylus rotundus typicus,170091
Erylus caliculatus,170061
Geodia breviana,170111
Geodia robusta var. megaclada,170171
Geodia ovis,170153
Monaxonida,815806
Clathria (Thalysias) originalis,167763
Lissodendoryx (Lissodendoryx) noxiosa,168981
Acarnus erithacus,167343
Antho (Acarnia) lithophoenix,167888
Antho (Plocamia) karykina,744396
Aplysilla polyraphis,164864
Clathria (Microciona) pennata,167672
Neopetrosia vanilla,166819
Niphates lunisimilis,166779
Trikentrion catalina,537281
Monanchora pulchra,169022
Crellidae,131652
Halichondriidae,131633
Mycalidae,131649
Poecillastra tenuilaminaris,170268
Halichondria (Halichondria) lambei,165833
Forcepia (Forcepia) hymena,168866
Craniella spinosa,171352
Rhizaxinella gadus,170824
Poecillastra rickettsi,170265
Myxilla (Ectyomyxilla) parasitica,169437
Penares cortius,169857
Clathria (Microciona) microjoanna,167662
Mycale (Paresperella) psila,168687
Tethya californiana,170942
Mycale (Mycale) toporoki,168660
Chalinidae,131636
Desmacididae,131654
Forcepia (Forcepia) macrostylosa,168871
Haliclona (Rhizoniera) rufescens,345568
Geodia acanthylastra,170095
Geodia californica,597600
Myxillidae,131658
Iophon ostiamagna,234212
Thenea lamelliformis,170300
Thenea pyriformis,170313
Thenea echinata,-999
Phakellia lamelligera,165586
Keratosa,366651
Lophelia pertusa,135161
Oculina virgosa,287103
Deltocyathus calcar,286791
Pennatula aculeata,128515
Desmophyllum dianthus,135159
Antipathes dendrochristos,283893
Madracis pharensis f. pharensis,422754
Guancha blanca,132283
Calcarea,559
Leucosolenida,131591
Leucilla nuttingi,164219
Leucandra poculiformis,164364
Leucandra heathi,164324
Sycon ciliatum,-999
Leucandra losangelensis,164341
Sycon escanabense,164576
Paragorgia arborea,125418
Paragorgia alisonae,286600
Paragorgia johnsoni,125419
Paragorgia kaupeka,286603
Paragorgia coralloides,286602
Paragorgia regalis,286605
Paragorgiidae,125281
Paragorgia splendens,286607
Paragorgia stephencairnsi,286608
Iophon cheliferum,167394
Dendropathes bacotaylorae,289796
Bathypathes conferta,589657
Antipathidae,103301
Antipatharia,22549
Leiopathes annosa,888633
Antipathes galapagensis,283898
Stauropathes staurocrada,291113
Bathypathes alternata,103319
Bathypathes patula,103323
Dendropathes intermedia,589903
Stauropathes arctica,291111
Leiopathes acanthophora,283949
Myriopathes ulex,290441
Myriopathes antrocrada,290432
Myriopathidae,266963
Stauropathes punctata,291112
Taxipathes recta,291188
Pteropathes fragilis,290943
Schizopathes amplispina,283957
Parantipathes helicosticha,283952
Schizopathes crassa,103329
Antipathes atlantica,283882
Parantipathes hirondelle,472932
Antipathes furcata,103312
Sibopathes macrospina,291049
Tanacetipathes tanacetum,291180
Lillipathes lillei,290291
Phanopathes cancellata,290730
Tanacetipathes thamnea,291182
Stylopathes adinocrada,291149
Tetrapathes alata,291204
Elatopathes abietina,289886
Plumapathes fernandezi,290830
Plumapathes pennacea,290831
Tanacetipathes hirta,291175
Stylopathes tenuispina,589751
Schizopathidae,266964
Tanacetipathes squamosa,291179
Tanacetipathes spinescens,291178
Aphanipathes pedata,283938
Acanthopathes thyoides,289313
Umbellapathes helioanthes,291268
Myriopathes japonica,290434
Bathypathes bifida,283943
Bathypathes bayeri,283942
Antipathes densa,283894
Antipathes chamaemorus,283886
Antipathes minor,283912
Leiopathes valdiviae,589775
Antipathes pauroclema,283914
Antipathes grandis,283903
Antipathella wollastoni,289448
Antipathes contorta,283889
Antipathes assimilis,283881
Phanopathes rigida,290732
Antipathes flabellum,283896
Trissopathes pseudotristicha,291243
Antipathes plana,283915
Antipathes dichotoma,103309
Antipathes sarothrum,283923
Antipathes sibogae,283925
Antipathes lenta,283909
Aphanipathidae,266960
Phanopathes expansa,290731
Antipathes speciosa,283928
Dendrobathypathes fragilis,289788
Dendrobathypathes grandis,289789
Cupressopathes abies,289759
Dendrobathypathes isocrada,289790
Leiopathes bullosa,283950
Acanthopathes undulata,289314
Trissopathes tetracrada,291244
Antipathes griggi,689198
Umbellapathes bipinnata,291267
Schizopathes affinis,283956
Parantipathes tetrasticha,283954
Distichopathes filix,289840
Stylopathes litocrada,291152
Aphanipathes salix,283939
Acanthopathes humilis,289311
Allopathes desbonni,289391
Antipathes caribbeana,283884
Tanacetipathes barbadensis,291173
Abyssopathes lyra,289303
Chrysopathes speciosa,289661
Chrysopathes oligocrada,447839
Rhipidipathes colombiana,411123
Chrysopathes micracantha,447844
Cirrhipathes spiralis,287837
Hexapathes australiensis,-999
Stylopathes columnaris,291151
Stylopathes americana,291150
Cladopathes plumosa,289670
Allopathes denhartogi,289390
Sibopathes gephura,291048
Abyssopathes lyriformis,289304
Chrysopathes formosa,289659
Chrysopathes gracilis,289660
Dendrobathypathes boutillieri,289787
Antipathes lentipinna,283910
Bathypathes seculata,283948
Trissopathes tristicha,291245
Lillipathes wingi,290293
Lillipathes ritamariae,722946
Tylopathes crispa,291261
Cupressopathes cylindrica,723661
Cupressopathes gracilis,289760
Heteropathes pacifica,723306
Myriopathes panamensis,290437
Aphanipathes verticillata,411122
Isididae,125276
Isidella tentaculum,582522
Lepidisis olapa,286334
Acanella arbuscula,125371
Acanella eburnea,286299
Acanella dispar,286298
Acanella weberi,286307
Keratoisis philippinensis,286323
Keratoisis flabellum,286312
Keratoisis grayi,125376
Keratoisis paucispinosa,286322
Lepidisis longiflora,125378
Isidella trichotoma,286310
Keratoisis grandis,286316
Lepidisis simplex,286336
Keratoisis flexibilis,125375
Lepidisis caryophyllia,125377
Mopsea flava,287458
Acanella rigida,286303
Primnoisis (Primnoisis) antarctica,869818
Primnoisis (Delicatisis) formosa,869816
Primnoisis (Delicatisis) delicatula,869814
Primnoisis (Delicatisis) gracilis,869817
Primnoisis mimas,173348
Primnoisis (Primnoisis) fragilis,869819
Mopsea encrinula,287456
Notisis elongata,290495
Paracanthoisis richerdeforgesi,290603
Orstomisis crosnieri,290532
Pteronisis plumacea,290940
Sclerisis macquariana,287473
Sphaerokodisis australis,291059
Tenuisis microspiculata,291197
Pteronisis laboutei,290938
Chelidonisis aurantiaca,125372
Acanthoisis dhondtae,289305
Primnoisis humilis,517764
Isidella elongata,-999
Echinisis spicata,173316
Stenisis humilis,291116
Chelidonisis aurantiaca mexicana,422752
Chathamisis ramosa,221133
Isis hippuris,290211
Echinisis eltanin,287451
Echinisis armata,287450
Echinisis vema,287453
Australisis sarmentosa,173430
Caribisis simplex,289573
Lepidisis nuda,286333
Keratoisis profunda,286324
Iophon piceum pacificum,167416
Carijoa riisei,395098
Funiculina parkeri,286622
Acanthoptilum album,289322
Ptilosarcus undulatus,290948
Acanthoptilum scalpelifolium,289328
Stylatula gracilis,286696
Subsessiliflorae,151539
Acanthoptilum annulatum,289323
Acanthoptilum gracile,289324
Cavernularia vansyoci,286684
Madrepora carolina,287092
Primnoa pacifica var. willeyi,409549
Primnoa pacifica,286539
Antipathes gracilis,-999
Adelopora pseudothyron,174799
Petrosia (Petrosia) pellasarca,166852
Solenosmilia australis,736240
Hydrodendron gorgonoide,117612
Pheronema annae,171558
Sporadopora dichotoma,174791
Phorbas amaranthus,169306
Sporadopora micropora,287498
Calyptopora reticulata,174810
Conopora verrucosa,231630
Podospongia india,168724
Polymastia bartletti,134193
Regadrella phoenix,134405
Rhabderemia mona,168184
Rhabdodictyum delicatum,134383
Hydroidolina,19494
Rhabdopectella tintinnus,134406
Ridleia dendyi,170679
Nodastrella nodastrella,605827
Schaudinnia rosea,134418
Dendrophyllia velata,286982
Siphonidium ramosum,134348
Smenospongia echina,574343
Stelletta crassispicula,169920
Stelletta grubii,133974
Stelletta kallitetilla,169953
Stelletta variabilis,170015
Stellettinopsis fenimorea,701612
Stellettinopsis megastylifera,701610
Sycandra utriculus,132242
Sycon barbadense,164562
Sympagella nux,134399
Thenea fenestrata,170294
Topsentia ophiraphidites,165956
Tretodictyidae,131690
Tribrachium fisheri,170033
Vetulina stalactites,171268
Clathrina cancellata,132273
Vosmaeropsis cyathus,164468
Xestospongia rampa,166899
Yucatania sphaeroidocladus,234223
Cyrtaulon sigsbeei,171796
Ecionemia demera,169806
Lissodendoryx (Ectyodoryx) acanthostylota,255133
Farrea herdendorfi,171744
Characella enae,409255
Lissodendoryx (Anomodoryx) amphispinulata,255132
Auletta tuberosa,165454
Scleraxonia,125268
Myxilla (Ectyomyxilla) methanophila,169436
Lipastrotethya rhaphoxea,165685
Lophocalyx oregoni,255094
Clathria schmitti,133044
Clathria (Microciona) calla,167625
Fangophilina submersa,171363
Leucetta floridana,174278
Myxilla (Myxilla) acribria,169441
Lychnocystis superstes,171822
Dactylocalyx pumiceus,171652
Myliusia seriata,171670
Myrmekioderma rea,166023
Pararete farreopsis,171721
Calycosoma validum,171951
Leucandra barbata,164281
Gelliodes leucosolenia,166729
Calyx podatypa,166934
Caulophacus (Caulophacus) agassizi,172050
Neopetrosia proxima,378581
Neofibularia nolitangere,168323
Ceratopsion rugosum,168164
Erylus alleni,191069
Hexactinella carolinensis,344897
Euplectella suberea,134401
Erylus trisphaerus,170094
Euplectella jovis,171902
Halicometes thyris,170915
Nucleotethya bifida,170919
Euplectellinae,171888
Swiftia farallonesica,889450
Leucandra aspera,164278
Pachastrella dilifera,170249
Hyalonema (Coscinonema) schmidti,171446
Leuconia usa,164172
Agelas oroides,132454
Aiolochroia crassa,169632
Oculina diffusa,287097
Agelas schmidtii,164842
Cornulum johnsoni,167376
Hyalonematidae,131684
Aphroceras ensata,132172
Asconema setubalense,134410
Claviscopulia facunda,171736
Arthuria canariensis,742242
Telopathes magnus,740051
Ircinia dickinsoni,165016
Iphiteon panicea,171656
Clathrina coriacea,132277
Asteropus simplex,169793
Pseudothelogorgia hartogi,290916
Parisis fruticosa,290692
Cladopathidae,266961
Muriceides furcata,286362
Adelopora crassilabrum,287500
Conopora laevis,287509
Adelopora fragilis,287501
Crypthelia lacunosa,285788
Conopora candelabrum,287506
Systemapora ornata,291171
Crypthelia stenopoma,285797
Placogorgia terceira,125396
Placotrochides minuta,287041
Conopora tetrastichopora,287511
Lepidopora granulosa,231605
Octocorallia,1341
Crypthelia cryptotrema,285776
Crypthelia curvata,285777
Crypthelia polypoma,285793
Crypthelia robusta,285796
Astya aspidopora,289481
Pseudocrypthelia pachypoma,290871
Cheiloporidion pulvinatum,289588
Chondrocladia (Chondrocladia) concrescens,168213
Scleracis pumila,-999
Briareum asbestinum,289534
Titanideum suberosum,291228
Asbestopluma (Asbestopluma) ramosa,133181
Leiopathes secunda,283951
Thesea solitaria,286447
Plumarella profunda,574234
Acanthella cubensis,165655
Paracis squamata,290625
Asteriopathes arachniformis,289461
Acanthella mastophora,132457
Auletta sycinularia,132463
Dysideidae,131624
Aaptos aaptos,134241
Antipathes simplex,283926
Stephanohelia sulfurea,856300
Acanthella vaceleti,165669
Flabellum (Flabellum) lamellulosum,287013
Aaptos pernucleata,170741
Paracis orientalis,290618
Muricella englemani,517743
Pleurogorgia plana,290780
Parantipathes euantha,472933
Radiella sol,170677
Nicella carinata,286165
Alternatipathes alternata,994319
Cliona varians,170485
Amphimedon compressa,166666
Aplysilla sulfurea,-999
Aplysina fistularis,169648
Euplexaura reticulata,287815
Pterogorgia ellisiana,1338281
Pteridopathes pinnata,290918
Gardineria simplex,287447
Placogorgia coronata,125392
Aciculites cribrophora,171175
Cladorhiza bathycrinoides,133190
Calthropella (Pachataxa) lithistina,555805
Lefroyella decora,171717
Leiodermatium pfeifferae,134345
Inferiolabiata africana,736241
Aphrocallistidae,131686
Pliobothrus gracilis,117961
Crypthelia affinis,117953
Inferiolabiata spinosa,289285
Stenohelia tiliata,285843
Crypthelia formosa,174821
Oculina profunda,287098
Crypthelia japonica,285787
Dendrobrachia sarmentosa,565323
Diplastrella bistellata,134317
Terpios lobiceps,170896
Coelosphaera (Coelosphaera) tunicata,168847
Endectyon (Endectyon) tenax,168041
Desmacella vagabunda,133221
Hamacantha (Vomerula) tenda,168436
Dactylocalyx subglobosus,171653
Discodermia inscripta,234852
Leiodermatium deciduum,171060
Scleroplegma lanterna,171832
Halicnemia verticillata,182743
Guitarra fimbriata,133226
Phakellia ventilabrum,132511
Erylus discophorus,134011
Chondrosia collectrix,-999
Myliusia conica,171668
Macandrewia clavatella,234436
Halicometes stellata,-999
Geodia thomsonii,170184
Pachastrella abyssi,134072
Eurete marshalli,171701
Characella connectens,170236
Haliclona hebes,166388
Geodia globus,134032
Aplysinidae,131660
Agelas conifera,164824
Siphonidium geminum,235133
Antho (Plocamia) gymnazusa,412839
Corallistes typus,171077
Oceanapia peltata,166984
Vulcanella horrida,597280
Siphonodictyon densum,596682
Phakellia folium,165581
Topsentia profunditatis,165959
Vazella pourtalesii,172121
Verrucocoeloidea liberatorii,762362
Craniella cranium,171330
Mycale (Oxymycale) renieroides,168675
Spongia (Spongia) plana,165231
Trichasterina sagittaria,134421
Crypthelia balia,285774
Crypthelia platypoma,285792
Crypthelia ramosa,285795
Paraerrina decipiens,290649
Stenohelia umbonata,285844
Stylaster stellulatus,285911
Crypthelia vascomarquesi,117956
Stylaster parageus columbiensis,592252
Plumarella abietina,743684
Plumarella adhaerans,287661
Thouarella (Euthouarella) typica,286573
Siphonogorgia splendens,288768
Pteroeides sagamiense,286662
Clavularia dispersa,517661
Arthrogorgia ijimai,289456
Acanthogorgia paradoxa,286075
Anthomuricea aberrans,289423
Telesto tubulosa,517890
Plumarella recta,716951
Dendronephthya oviformis,289092
Elasmogorgia ramosa,289885
Acanthogorgia fusca,286053
Plumarella alternata,716954
Pennatula fimbriata,286637
Pennatula naresi,286640
Virgularia alba,286703
Paracis spinifera,290623
Eleutherobia flava,287761
Dendronephthya magnacantha,289060
Dendronephthya nigripes,289083
Muricella abnormalis,290381
Placogorgia japonica,286400
Villogorgia brunnea,286452
Eleutherobia rigida,287764
Paracalyptrophora kerberti,286535
Chrysogorgia lata,286127
Dendronephthya acaulis,288926
Acanthoprimnoa cristata,289316
Ellisella rubra,291881
Placogorgia placoderma,286404
Caryophyllia (Acanthocyathus) spinicarens,-999
Siphonogorgia variabilis,212100
Flabellum (Ulocyathus) deludens,287007
Flabellum (Ulocyathus) marenzelleri,287017
Flabellum (Ulocyathus) japonicum,287011
Flabellum (Ulocyathus) apertum borealis,-999
Flabellum (Flabellum) patens,287021
Flabellum (Flabellum) politum,287023
Truncatoflabellum paripavoninum,287062
Flabellum (Flabellum) magnificum,287015
Truncatoflabellum incrustatum,287056
Truncatoflabellum formosum,287053
Truncatoflabellum carinatum,287049
Placogorgia dendritica,286393
Scleronephthya gracillimum,288107
Echinomuricea coronalis,287529
Keroeides koreni,290243
Villogorgia compressa,286456
Fanellia pseudoflabellum,292517
Callogorgia cristata,286483
Eunicella pendula,286199
Siphonogorgia koellikeri,288745
Clavularia expansa,517665
Bellonella petila,289514
Calyptrophora juliae,287654
Verrucella miniacea,291287
Thouarella (Euthouarella) laxa,286564
Chrysogorgia expansa,286117
Chrysogorgia excavata,286116
Chrysogorgia bracteata,286103
Pseudocladochonus hicksoni,290869
Anthogorgia bocki,288015
Scytalium martensi,288695
Thouarella (Euthouarella) moseleyi,286566
Callogorgia chariessa,286482
Chromonephthea aurantiaca,289607
Scleronephthya pustulosa,517783
Eleutherobia splendens,287767
Bellonella epedana,289511
Dendronephthya pectinata,-999
Truncatoflabellum candeanum,287048
Placogorgia foliata,286397
Heteropsammia cochlea,207501
Culicia stellata,288363
Fungiacyathus (Fungiacyathus) stephanus,287087
Fungiacyathus (Bathyactis) turbinolioides,287089
Fungiacyathus (Bathyactis) granulosus,287076
Fungiacyathus (Fungiacyathus) paliferus,287080
Fungiacyathus (Bathyactis) variegatus,287090
Fungiacyathus (Bathyactis) sibogae,287086
Notocyathus venustus,290498
Notocyathus conicus,290497
Tropidocyathus lessonii,291249
Cyathotrochus pileus,289767
Endocyathopora laticostata,289889
Sphenotrochus (Sphenotrochus) hancocki,287137
Thrypticotrochus petterdi,291221
Idiotrochus kikutii,290181
Flabellum (Ulocyathus) sexcostatum,287024
Flabellum (Ulocyathus) messum,287018
Truncatoflabellum cumingii,287051
Truncatoflabellum pusillum,287064
Placotrochus laevis,288824
Placotrochides scaphula,287042
Rhizotrochus typus,216159
Gardineria philippinensis,287446
Solenocaulon simplex,287992
Chromonephthea imaharai,289635
Oulangia stokesiana miltoni,290546
Caryophyllia (Caryophyllia) jogashimaensis,286749
Trochocyathus (Trochocyathus) decamera,286877
Aulocyathus matricidus,286721
Rhizosmilia sagamiensis,290977
Oculinidae,135078
Rhizotrochus levidensis,288450
Alatotrochus rubescens,289389
Aplysina lacunosa,169656
Truncatoflabellum aculeatum,287043
Truncatoflabellum spheniscus,287065
Truncatoflabellum gardineri,287054
Truncatoflabellum stabile,135202
Truncatoflabellum phoenix,287063
Truncatoflabellum crassum,287050
Dendrophyllia florulenta,286971
Balanophyllia (Balanophyllia) japonica,286931
Eguchipsammia wellsi,286987
Muricella grandis,290396
Madracis asanoi,287104
Caryophyllia (Caryophyllia) secta,286766
Trochocyathus (Aplocyathus) longispina,286887
Trochocyathus (Trochocyathus) semperi,286895
Trochocyathus (Trochocyathus) gardineri,286882
Ericiocyathus echinatus,289911
Deltocyathus philippinensis,286802
Rhizosmilia elata,290972
Tropidocyathus labidus,291248
Truncatoflabellum mortenseni,287060
Truncatoflabellum angustum,287045
Truncatoflabellum dens,287052
Myriopathes myriophylla,290436
Balanophyllia (Balanophyllia) serrata,286945
Leptopsammia stokesiana,286994
Antipathella subpinnata,289447
Arachnopathes ericoides,289451
Anthemiphyllia patera,346422
Antillogorgia acerosa,367982
Crypthelia fragilis,285782
Axinella corrugata,165472
Axinella shoemakeri,165509
Axinella waltonsmithi,165525
Biemna microstyla,-999
Callyspongia (Callyspongia) fallax,166185
Callyspongia (Callyspongia) pallida,166192
Callyspongia (Cladochalina) vaginalis,166232
Dictyonellidae,131632
Acarnidae,167333
Calthropellidae,170035
Clathrinidae,131619
Siphonidiidae,131681
Niphatidae,131637
Hymedesmiidae,131655
Plakinidae,131661
Chondrilla nucula,134110
Chondrosia reniformis,134112
Cinachyrella alloclada,171291
Cinachyrella kuekenthali,171308
Cinachyrella apion,171294
Cinachyrella arenosa,171295
Cliona schmidtii,134139
Ciocalypta gibbsi,165765
Asteriopathes colini,289462
Crypthelia studeri,285798
Clathria (Microciona) adioristica,167607
Cliona caribbaea,170432
Cliona celata,134121
Cliona delitrix,170437
Crypthelia micropoma,285789
Antipathes grandiflora,283902
Pione vastifica,157411
Coelosphaera (Coelosphaera) biclavata,168819
Coelosphaera (Coelosphaera) fistula,168827
Corallistes paratypus,171074
Desmacella annexa,133206
Desmacella pumilio,133218
Desmapsamma anchorata,169121
Inferiolabiata cervicornis,856295
Discodermia polydiscus,134349
Sporadopora mortenseni,287499
Dysidea fragilis,132324
Paraconopora anthohelia,856351
Stellapora echinata,291115
Erylus formosus,170070
Erylus ministrongylus,170079
Erylus transiens,170093
Eunicea asperula,283234
Euryspongia rosea,164985
Gastrophanella implexa,171202
Geodia gibberosa,170126
Conopora gigantea,287508
Geodia neptuni,418825
Halichondria (Halichondria) bowerbanki,165801
Halichondria (Halichondria) lutea,165837
Phalangopora regularis,290729
Halichondria (Halichondria) melanadocia,165839
Stylaster tenisonwoodsi,285913
Adelopora moseleyi,287502
Conopora sola,736246
Conopora tenuiramus,736249
Chalinula molitba,166293
Amphimedon viridis,166701
Raspailia (Raspaxilla) pearsei,987078
Higginsia strigilata,132544
Hippospongia lachne,165108
Hyattella intestinalis,132378
Igernella notabilis,164900
Spirastrellidae,131674
Iotrochota birotulata,169379
Ircinia campana,165009
Ircinia felix,165020
Ircinia strobilina,165051
Callipodium rubens,289560
Hymeniacidon caerulea,165882
Lissodendoryx (Anomodoryx) sigmata,168989
Lissodendoryx (Lissodendoryx) spinulosa,255131
Lissodendoryx (Lissodendoryx) strongylata,168995
Lissodendoryx (Lissodendoryx) isodictyalis,168968
Madracis auretenra,430664
Merlia normani,168482
Clathria (Thalysias) venosa,196879
Clathria (Clathria) prolifera,167563
Clathria (Microciona) spinosa,167686
Monanchora arbuscula,169016
Mycale (Arenochalina) laxissima,168561
Mycale (Mycale) laevis,168638
Mycale (Carmia) microsigmatosa,168590
Niphates erecta,166776
Oculina implicata,869581
Pachastrella monilifera,134078
Pandaros acanthifolium,167841
Conopora unifacialis,287512
Neopetrosia carbonaria,166799
Petrosia (Petrosia) weinbergi,166867
Suberites massa,134296
Placospongia carinata,170611
Placospongia melobesioides,-999
Antho (Acarnia) illgi,167861
Dragmacidon reticulatum,165558
Pseudotrachya hystrix,134261
Raspailia (Raspaxilla) acanthifera,987073
Clathria (Thalysias) minuta,167759
Setidium obtectum,171199
Scolopes megastra,170409
Scopalina ruetzleri,165702
Haliclona (Soestella) caerulea,166641
Siphonodictyon siphonum,596692
Spheciospongia vesparium,170566
Spirastrella coccinea,170705
Spirastrella cunctatrix,134235
Spongosorites siliquaria,165937
Stylocordyla longissima,170725
Tedania (Tedania) ignis,169565
Clathria (Clathria) obliqua,167552
Terpios fugax,134307
Suberites aurantiacus,170835
Tethya actinia,170932
Tectitethya crypta,170927
Tethya seychellensis,170991
Clathria (Thalysias) juniperina,167745
Thrinacophora funiformis,168168
Aphrocallistes beatrix beatrix,195837
Timea mixta,134328
Hertwigia falcifera,134402
Biemna caribea,168252
Plakortis halichondrioides,169763
Xestospongia muta,166894
Neopetrosia subtriangularis,166814
Strongylacidon griseum,168799
Melithaeidae,196230
Raspailiidae,131642
Dictyoceratida,131595
Petrosiidae,131638
Corallistidae,131679
Pteridopathes tanycrada,290919
Chrysogorgia tetrasticha,286149
Pennatula murrayi,221130
Verrucella delicatula,291282
Pterostenella plumatilis,290945
Abyssoprimnoa gemina,872590
Ellisella andamanensis,291850
Calyptrophora persephone,872587
Callozostron bayeri,872588
Conopora adeta,287504
Paramuriceidae,151540
Verongiida,845402
Crypthelia kelleyi,954687
Stichopathes japonica,283968
Farrea truncata,747394
Theneidae,131666
Rossellinae,171965
Sclerothamnopsis compressa,171810
Lollipocladia tiburoni,344755
Asbestopluma (Asbestopluma) monticola,759744
Chondrocladia (Symmetrocladia) lyra,710164
Caulophacus (Caulophacus) cyanae,293595
Saccocalyx pedunculatus,171845
Bathydorus spinosus,172036
Erythropodium caribaeorum,289919
Fungiidae,196100
Antipathes tristis,411113
Keroeides fallax,517722
Stylaster californicus,285860
Paragorgia yutlinux,286612
Paragorgia tapachtli,286609
Thalamophyllia riisei,286868
Primnoa resedaeformis,125411
