VernacularNameCategory,Count of species,Image url
black coral,11691,https://farm66.staticflickr.com/65535/46874735015_a5cc7006a6_m.jpg
calcareous sponge,830,https://farm6.staticflickr.com/5026/5671039331_ba0acf249e_m.jpg
demosponge,7847,https://farm8.staticflickr.com/7674/17034754110_e76829a945_m.jpg
glass sponge,29328,https://farm2.staticflickr.com/1880/29282222687_b52f4050a7_m.jpg
gorgonian coral,20569,https://farm8.staticflickr.com/7825/46189557124_86b0542a5e_m.jpg
lace coral,3773,https://farm5.staticflickr.com/4327/35900300222_52386ae020_m.jpg
lithotelestid coral,3,https://upload.wikimedia.org/wikipedia/commons/f/fb/Nanipora_kamurai%2C_Okinawa.jpg
other coral-like hydrozoan,39,https://upload.wikimedia.org/wikipedia/commons/9/9c/Millepora_alcicornis_%28Branching_Fire_Coral%29.jpg
scleromorph sponge,97,https://upload.wikimedia.org/wikipedia/commons/5/50/Oscarella_lobularis_%28Schmidt%2C_1862%29.jpg
sea pen,22144,https://farm5.staticflickr.com/4263/34542873263_a8c676a628_m.jpg
soft coral,3654,https://farm66.staticflickr.com/65535/47761953101_63747997dd_m.jpg
sponge (unspecified),77066,https://upload.wikimedia.org/wikipedia/commons/thumb/2/20/Aplysina_archeri_%28Stove-pipe_Sponge-pink_variation%29.jpg/179px-Aplysina_archeri_%28Stove-pipe_Sponge-pink_variation%29.jpg
stoloniferan coral,10,https://upload.wikimedia.org/wikipedia/commons/3/3e/Palm_Coral_%28Clavularia_sp.%29_%286135839821%29.jpg
stony coral (branching),24390,https://farm6.staticflickr.com/5564/14142944160_eb04d9dc41_m.jpg
stony coral (cup coral),5191,https://farm8.staticflickr.com/7865/33666913708_5c967358da_m.jpg
stony coral (unspecified),4378,https://farm5.staticflickr.com/4809/47001948301_531151e296_m.jpg
